Workbook

Sheet subject 1
A1: word | B1: colour | C1: stim_condition | D1: correct_res | E1: thisN | F1: thisTrialN | G1: thisRepN | H1: key_resp.keys | I1: key_resp.corr | J1: key_resp.rt | K1: key_resp.duration | L1: trials.thisRepN | M1: trials.thisTrialN | N1: trials.thisN | O1: trials.thisIndex | P1: thisRow.t | Q1: notes | R1: instruction.started | S1: text_2.started | T1: text_2.stopped | U1: instruction.stopped | V1: trial.started | W1: fixation.started | X1: fixation.stopped | Y1: text.started | Z1: key_resp.started | AA1: trial.stopped | AB1: trials.key_resp.keys | AC1: trials.key_resp.corr | AD1: trials.key_resp.rt | AE1: trials.key_resp.duration | AF1: thanks.started | AG1: text_3.started | AH1: text_3.stopped | AI1: thanks.stopped | AJ1: participant | AK1: session | AL1: date | AM1: expName | AN1: expVersion | AO1: psychopyVersion | AP1: frameRate | AQ1: expStart
R2: 0.0013673 | S2: 0.0033398 | T2: 1.017994 | U2: 0.9995374 | AJ2: subject 1 | AK2: 1 | AL2: 2025-08-25_18h08.22.242 | AM2: Stroop experiment final | AO2: 2025.2.0 | AP2: 60.055407 | AQ2: 2025-08-25 18h08.22.316816 +0530
A3: RED | B3: red | C3: C | D3: r | E3: 0 | F3: 0 | G3: 0 | H3: r | I3: 1 | J3: 1.3524862 | K3: None | L3: 0 | M3: 0 | N3: 0 | O3: 0 | P3: 1.017994 | V3: 1.0160555 | W3: 1.017994 | X3: 1.5154139 | Y3: 1.5154139 | Z3: 1.5154139 | AA3: 2.8878311 | AB3: r | AC3: 1 | AD3: 1.3524862 | AE3: None | AJ3: subject 1 | AK3: 1 | AL3: 2025-08-25_18h08.22.242 | AM3: Stroop experiment final | AO3: 2025.2.0 | AP3: 60.055407 | AQ3: 2025-08-25 18h08.22.316816 +0530
A4: BLUE | B4: blue | C4: C | D4: b | E4: 1 | F4: 1 | G4: 0 | H4: b | I4: 1 | J4: 0.6094721 | K4: None | L4: 0 | M4: 1 | N4: 1 | O4: 3 | P4: 2.8973966 | V4: 2.8917587 | W4: 2.8973966 | X4: 3.397419 | Y4: 3.397419 | Z4: 3.397419 | AA4: 4.0137855 | AB4: b | AC4: 1 | AD4: 0.6094721 | AE4: None | AJ4: subject 1 | AK4: 1 | AL4: 2025-08-25_18h08.22.242 | AM4: Stroop experiment final | AO4: 2025.2.0 | AP4: 60.055407 | AQ4: 2025-08-25 18h08.22.316816 +0530
A5: RED | B5: blue | C5: I | D5: b | E5: 2 | F5: 2 | G5: 0 | H5: b | I5: 1 | J5: 1.3906623 | K5: None | L5: 0 | M5: 2 | N5: 2 | O5: 1 | P5: 4.0301532 | V5: 4.0159283 | W5: 4.0301532 | X5: 4.513589 | Y5: 4.513589 | Z5: 4.513589 | AA5: 5.9132443 | AB5: b | AC5: 1 | AD5: 1.3906623 | AE5: None | AJ5: subject 1 | AK5: 1 | AL5: 2025-08-25_18h08.22.242 | AM5: Stroop experiment final | AO5: 2025.2.0 | AP5: 60.055407 | AQ5: 2025-08-25 18h08.22.316816 +0530
A6: BLUE | B6: red | C6: I | D6: r | E6: 3 | F6: 3 | G6: 0 | H6: r | I6: 1 | J6: 1.24368 | K6: None | L6: 0 | M6: 3 | N6: 3 | O6: 2 | P6: 5.9292345 | V6: 5.9174241 | W6: 5.9292345 | X6: 6.4124043 | Y6: 6.4124043 | Z6: 6.4124043 | AA6: 7.6622497 | AB6: r | AC6: 1 | AD6: 1.24368 | AE6: None | AJ6: subject 1 | AK6: 1 | AL6: 2025-08-25_18h08.22.242 | AM6: Stroop experiment final | AO6: 2025.2.0 | AP6: 60.055407 | AQ6: 2025-08-25 18h08.22.316816 +0530
A7: BLUE | B7: red | C7: I | D7: r | E7: 4 | F7: 0 | G7: 1 | H7: r | I7: 1 | J7: 0.8874021 | K7: None | L7: 1 | M7: 0 | N7: 4 | O7: 2 | P7: 7.6782222 | V7: 7.663162 | W7: 7.6782222 | X7: 8.177681 | Y7: 8.177681 | Z7: 8.177681 | AA7: 9.0778895 | AB7: r | AC7: 1 | AD7: 0.8874021 | AE7: None | AJ7: subject 1 | AK7: 1 | AL7: 2025-08-25_18h08.22.242 | AM7: Stroop experiment final | AO7: 2025.2.0 | AP7: 60.055407 | AQ7: 2025-08-25 18h08.22.316816 +0530
A8: RED | B8: blue | C8: I | D8: b | E8: 5 | F8: 1 | G8: 1 | H8: b | I8: 1 | J8: 1.1275344 | K8: None | L8: 1 | M8: 1 | N8: 5 | O8: 1 | P8: 9.0939562 | V8: 9.0819336 | W8: 9.0939562 | X8: 9.5770106 | Y8: 9.5770106 | Z8: 9.5770106 | AA8: 10.710104 | AB8: b | AC8: 1 | AD8: 1.1275344 | AE8: None | AJ8: subject 1 | AK8: 1 | AL8: 2025-08-25_18h08.22.242 | AM8: Stroop experiment final | AO8: 2025.2.0 | AP8: 60.055407 | AQ8: 2025-08-25 18h08.22.316816 +0530
A9: BLUE | B9: blue | C9: C | D9: b | E9: 6 | F9: 2 | G9: 1 | H9: b | I9: 1 | J9: 1.1129052 | K9: None | L9: 1 | M9: 2 | N9: 6 | O9: 3 | P9: 10.726227 | V9: 10.714193 | W9: 10.726227 | X9: 11.209241 | Y9: 11.209241 | Z9: 11.209241 | AA9: 12.325705 | AB9: b | AC9: 1 | AD9: 1.1129052 | AE9: None | AJ9: subject 1 | AK9: 1 | AL9: 2025-08-25_18h08.22.242 | AM9: Stroop experiment final | AO9: 2025.2.0 | AP9: 60.055407 | AQ9: 2025-08-25 18h08.22.316816 +0530
A10: RED | B10: red | C10: C | D10: r | E10: 7 | F10: 3 | G10: 1 | H10: r | I10: 1 | J10: 0.9339603 | K10: None | L10: 1 | M10: 3 | N10: 7 | O10: 0 | P10: 12.341881 | V10: 12.329581 | W10: 12.341881 | X10: 12.824897 | Y10: 12.824897 | Z10: 12.824897 | AA10: 13.774942 | AB10: r | AC10: 1 | AD10: 0.9339603 | AE10: None | AJ10: subject 1 | AK10: 1 | AL10: 2025-08-25_18h08.22.242 | AM10: Stroop experiment final | AO10: 2025.2.0 | AP10: 60.055407 | AQ10: 2025-08-25 18h08.22.316816 +0530
A11: BLUE | B11: blue | C11: C | D11: b | E11: 8 | F11: 0 | G11: 2 | H11: b | I11: 1 | J11: 0.7072949 | K11: None | L11: 2 | M11: 0 | N11: 8 | O11: 3 | P11: 13.791045 | V11: 13.779167 | W11: 13.791045 | X11: 14.290748 | Y11: 14.290748 | Z11: 14.290748 | AA11: 15.007473 | AB11: b | AC11: 1 | AD11: 0.7072949 | AE11: None | AJ11: subject 1 | AK11: 1 | AL11: 2025-08-25_18h08.22.242 | AM11: Stroop experiment final | AO11: 2025.2.0 | AP11: 60.055407 | AQ11: 2025-08-25 18h08.22.316816 +0530
A12: RED | B12: red | C12: C | D12: r | E12: 9 | F12: 1 | G12: 2 | H12: r | I12: 1 | J12: 0.5635874 | K12: None | L12: 2 | M12: 1 | N12: 9 | O12: 0 | P12: 15.023438 | V12: 15.011435 | W12: 15.023438 | X12: 15.506624 | Y12: 15.506624 | Z12: 15.506624 | AA12: 16.073424 | AB12: r | AC12: 1 | AD12: 0.5635874 | AE12: None | AJ12: subject 1 | AK12: 1 | AL12: 2025-08-25_18h08.22.242 | AM12: Stroop experiment final | AO12: 2025.2.0 | AP12: 60.055407 | AQ12: 2025-08-25 18h08.22.316816 +0530
A13: BLUE | B13: red | C13: I | D13: r | E13: 10 | F13: 2 | G13: 2 | H13: r | I13: 1 | J13: 1.7858425 | K13: None | L13: 2 | M13: 2 | N13: 10 | O13: 2 | P13: 16.089483 | V13: 16.077741 | W13: 16.089483 | X13: 16.572527 | Y13: 16.572527 | Z13: 16.572527 | AA13: 18.371896 | AB13: r | AC13: 1 | AD13: 1.7858425 | AE13: None | AJ13: subject 1 | AK13: 1 | AL13: 2025-08-25_18h08.22.242 | AM13: Stroop experiment final | AO13: 2025.2.0 | AP13: 60.055407 | AQ13: 2025-08-25 18h08.22.316816 +0530
A14: RED | B14: blue | C14: I | D14: b | E14: 11 | F14: 3 | G14: 2 | H14: b | I14: 1 | J14: 0.7805091 | K14: None | L14: 2 | M14: 3 | N14: 11 | O14: 1 | P14: 18.388021 | V14: 18.376005 | W14: 18.388021 | X14: 18.871107 | Y14: 18.871107 | Z14: 18.871107 | AA14: 19.654414 | AB14: b | AC14: 1 | AD14: 0.7805091 | AE14: None | AJ14: subject 1 | AK14: 1 | AL14: 2025-08-25_18h08.22.242 | AM14: Stroop experiment final | AO14: 2025.2.0 | AP14: 60.055407 | AQ14: 2025-08-25 18h08.22.316816 +0530
... A42: BLUE | B42: blue | C42: C | D42: b | E42: 39 | F42: 3 | G42: 9 | H42: b | I42: 1 | J42: 0.7324941 | K42: None | L42: 9 | M42: 3 | N42: 39 | O42: 3 | P42: 54.931476 | V42: 54.916339 | W42: 54.931476 | X42: 55.431246 | Y42: 55.431246 | Z42: 55.431246 | AA42: 56.165031 | AB42: b | AC42: 1 | AD42: 0.7324941 | AE42: None | AJ42: subject 1 | AK42: 1 | AL42: 2025-08-25_18h08.22.242 | AM42: Stroop experiment final | AO42: 2025.2.0 | AP42: 60.055407 | AQ42: 2025-08-25 18h08.22.316816 +0530
AF43: 56.165247 | AG43: 56.180778 | AH43: 57.180152 | AI43: 57.163932 | AJ43: subject 1 | AK43: 1 | AL43: 2025-08-25_18h08.22.242 | AM43: Stroop experiment final | AO43: 2025.2.0 | AP43: 60.055407 | AQ43: 2025-08-25 18h08.22.316816 +0530
A45: Congruent avg | B45: =AVERAGEIF(C3:C42,"C",J3:J42) -> 0.74675388
A46: incongruent avg | B46: =AVERAGEIF(C3:C42,"I",J3:J42) -> 0.98408228
A47: difference | B47: =B46-B45 -> 0.2373284
A49: std of congruent | B49: =_xlfn.STDEV.S([1]Sheet1!A3:A22) -> 0.22882333
A50: std of incongruent | B50: =_xlfn.STDEV.S([1]Sheet1!B3:B22) -> 0.42246053
A53: Congruent | B53: Incongruent
A54: RT | B54: RT
A55: 1.3524862 | B55: 1.3906623
A56: 0.6094721 | B56: 1.24368
A57: 1.1129052 | B57: 0.8874021
A58: 0.9339603 | B58: 1.1275344
A59: 0.7072949 | B59: 1.7858425
A60: 0.5635874 | B60: 0.7805091
A61: 0.6514294 | B61: 0.8082998
A62: 0.5062388 | B62: 0.6316013
A63: 0.7084108 | B63: 0.9156958
A64: 0.5794569 | B64: 1.0010533
A65: 1.2132995 | B65: 1.1791936
A66: 0.6670916 | B66: 0.5853869
... A74: 0.7324941 | B74: 0.6131874
A76: t test
A77: =_xlfn.T.TEST(A55:A74,B55:B74, 2, 1) -> 0.027571323 | B77: P value

Sheet subject 2
A1: word | B1: colour | C1: stim_condition | D1: correct_res | E1: thisN | F1: thisTrialN | G1: thisRepN | H1: key_resp.keys | I1: key_resp.corr | J1: key_resp.rt | K1: key_resp.duration | L1: trials.thisRepN | M1: trials.thisTrialN | N1: trials.thisN | O1: trials.thisIndex | P1: thisRow.t | Q1: notes | R1: instruction.started | S1: text_2.started | T1: text_2.stopped | U1: instruction.stopped | V1: trial.started | W1: fixation.started | X1: fixation.stopped | Y1: text.started | Z1: key_resp.started | AA1: trial.stopped | AB1: trials.key_resp.keys | AC1: trials.key_resp.corr | AD1: trials.key_resp.rt | AE1: trials.key_resp.duration | AF1: thanks.started | AG1: text_3.started | AH1: text_3.stopped | AI1: thanks.stopped | AJ1: participant | AK1: session | AL1: date | AM1: expName | AN1: expVersion | AO1: psychopyVersion | AP1: frameRate | AQ1: expStart
R2: 0.0012552 | S2: 0.0031143 | T2: 1.053288 | U2: 0.987579 | AJ2: subject 2 | AK2: 1 | AL2: 2025-08-25_18h05.50.901 | AM2: Stroop experiment final | AO2: 2025.2.0 | AP2: 59.988758 | AQ2: 2025-08-25 18h05.50.982992 +0530
A3: RED | B3: red | C3: C | D3: r | E3: 0 | F3: 0 | G3: 0 | H3: r | I3: 1 | J3: 0.9259967 | K3: None | L3: 0 | M3: 0 | N3: 0 | O3: 0 | P3: 1.053288 | V3: 1.0492484 | W3: 1.053288 | X3: 1.5036084 | Y3: 1.5036084 | Z3: 1.5036084 | AA3: 2.4449472 | AB3: r | AC3: 1 | AD3: 0.9259967 | AE3: None | AJ3: subject 2 | AK3: 1 | AL3: 2025-08-25_18h05.50.901 | AM3: Stroop experiment final | AO3: 2025.2.0 | AP3: 59.988758 | AQ3: 2025-08-25 18h05.50.982992 +0530
A4: BLUE | B4: red | C4: I | D4: r | E4: 1 | F4: 1 | G4: 0 | H4: r | I4: 1 | J4: 0.9325914 | K4: None | L4: 0 | M4: 1 | N4: 1 | O4: 2 | P4: 2.4529137 | V4: 2.448903 | W4: 2.4529137 | X4: 2.9528227 | Y4: 2.9528227 | Z4: 2.9528227 | AA4: 3.8866368 | AB4: r | AC4: 1 | AD4: 0.9325914 | AE4: None | AJ4: subject 2 | AK4: 1 | AL4: 2025-08-25_18h05.50.901 | AM4: Stroop experiment final | AO4: 2025.2.0 | AP4: 59.988758 | AQ4: 2025-08-25 18h05.50.982992 +0530
A5: BLUE | B5: blue | C5: C | D5: b | E5: 2 | F5: 2 | G5: 0 | H5: b | I5: 1 | J5: 0.7771319 | K5: None | L5: 0 | M5: 2 | N5: 2 | O5: 3 | P5: 3.9024565 | V5: 3.8874543 | W5: 3.9024565 | X5: 4.3856882 | Y5: 4.3856882 | Z5: 4.3856882 | AA5: 5.1691864 | AB5: b | AC5: 1 | AD5: 0.7771319 | AE5: None | AJ5: subject 2 | AK5: 1 | AL5: 2025-08-25_18h05.50.901 | AM5: Stroop experiment final | AO5: 2025.2.0 | AP5: 59.988758 | AQ5: 2025-08-25 18h05.50.982992 +0530
A6: RED | B6: blue | C6: I | D6: b | E6: 3 | F6: 3 | G6: 0 | H6: b | I6: 1 | J6: 0.7041916 | K6: None | L6: 0 | M6: 3 | N6: 3 | O6: 1 | P6: 5.1851699 | V6: 5.1735733 | W6: 5.1851699 | X6: 5.6848499 | Y6: 5.6848499 | Z6: 5.6848499 | AA6: 6.4016398 | AB6: b | AC6: 1 | AD6: 0.7041916 | AE6: None | AJ6: subject 2 | AK6: 1 | AL6: 2025-08-25_18h05.50.901 | AM6: Stroop experiment final | AO6: 2025.2.0 | AP6: 59.988758 | AQ6: 2025-08-25 18h05.50.982992 +0530
A7: RED | B7: blue | C7: I | D7: b | E7: 4 | F7: 0 | G7: 1 | H7: b | I7: 1 | J7: 0.5078159 | K7: None | L7: 1 | M7: 0 | N7: 4 | O7: 1 | P7: 6.4177229 | V7: 6.4024954 | W7: 6.4177229 | X7: 6.9006844 | Y7: 6.9006844 | Z7: 6.9006844 | AA7: 7.4176711 | AB7: b | AC7: 1 | AD7: 0.5078159 | AE7: None | AJ7: subject 2 | AK7: 1 | AL7: 2025-08-25_18h05.50.901 | AM7: Stroop experiment final | AO7: 2025.2.0 | AP7: 59.988758 | AQ7: 2025-08-25 18h05.50.982992 +0530
A8: BLUE | B8: blue | C8: C | D8: b | E8: 5 | F8: 1 | G8: 1 | H8: b | I8: 1 | J8: 0.4874582 | K8: None | L8: 1 | M8: 1 | N8: 5 | O8: 3 | P8: 7.4337642 | V8: 7.4221563 | W8: 7.4337642 | X8: 7.9333627 | Y8: 7.9333627 | Z8: 7.9333627 | AA8: 8.4337711 | AB8: b | AC8: 1 | AD8: 0.4874582 | AE8: None | AJ8: subject 2 | AK8: 1 | AL8: 2025-08-25_18h05.50.901 | AM8: Stroop experiment final | AO8: 2025.2.0 | AP8: 59.988758 | AQ8: 2025-08-25 18h05.50.982992 +0530
A9: BLUE | B9: red | C9: I | D9: r | E9: 6 | F9: 2 | G9: 1 | H9: r | I9: 1 | J9: 0.4598564 | K9: None | L9: 1 | M9: 2 | N9: 6 | O9: 2 | P9: 8.4497126 | V9: 8.4347033 | W9: 8.4497126 | X9: 8.9492111 | Y9: 8.9492111 | Z9: 8.9492111 | AA9: 9.4164479 | AB9: r | AC9: 1 | AD9: 0.4598564 | AE9: None | AJ9: subject 2 | AK9: 1 | AL9: 2025-08-25_18h05.50.901 | AM9: Stroop experiment final | AO9: 2025.2.0 | AP9: 59.988758 | AQ9: 2025-08-25 18h05.50.982992 +0530
A10: RED | B10: red | C10: C | D10: r | E10: 7 | F10: 3 | G10: 1 | H10: r | I10: 1 | J10: 0.4061183 | K10: None | L10: 1 | M10: 3 | N10: 7 | O10: 0 | P10: 9.4322747 | V10: 9.4204482 | W10: 9.4322747 | X10: 9.9321064 | Y10: 9.9321064 | Z10: 9.9321064 | AA10: 10.349326 | AB10: r | AC10: 1 | AD10: 0.4061183 | AE10: None | AJ10: subject 2 | AK10: 1 | AL10: 2025-08-25_18h05.50.901 | AM10: Stroop experiment final | AO10: 2025.2.0 | AP10: 59.988758 | AQ10: 2025-08-25 18h05.50.982992 +0530
A11: RED | B11: red | C11: C | D11: r | E11: 8 | F11: 0 | G11: 2 | H11: r | I11: 1 | J11: 0.4033137 | K11: None | L11: 2 | M11: 0 | N11: 8 | O11: 0 | P11: 10.36502 | V11: 10.350261 | W11: 10.36502 | X11: 10.864715 | Y11: 10.864715 | Z11: 10.864715 | AA11: 11.281864 | AB11: r | AC11: 1 | AD11: 0.4033137 | AE11: None | AJ11: subject 2 | AK11: 1 | AL11: 2025-08-25_18h05.50.901 | AM11: Stroop experiment final | AO11: 2025.2.0 | AP11: 59.988758 | AQ11: 2025-08-25 18h05.50.982992 +0530
A12: BLUE | B12: red | C12: I | D12: r | E12: 9 | F12: 1 | G12: 2 | H12: b | I12: 0 | J12: 0.5004758 | K12: None | L12: 2 | M12: 1 | N12: 9 | O12: 2 | P12: 11.297815 | V12: 11.287438 | W12: 11.297815 | X12: 11.781022 | Y12: 11.781022 | Z12: 11.781022 | AA12: 12.297909 | AB12: b | AC12: 0 | AD12: 0.5004758 | AE12: None | AJ12: subject 2 | AK12: 1 | AL12: 2025-08-25_18h05.50.901 | AM12: Stroop experiment final | AO12: 2025.2.0 | AP12: 59.988758 | AQ12: 2025-08-25 18h05.50.982992 +0530
A13: RED | B13: blue | C13: I | D13: b | E13: 10 | F13: 2 | G13: 2 | H13: b | I13: 1 | J13: 0.7356175 | K13: None | L13: 2 | M13: 2 | N13: 10 | O13: 1 | P13: 12.313882 | V13: 12.302201 | W13: 12.313882 | X13: 12.813638 | Y13: 12.813638 | Z13: 12.813638 | AA13: 13.563701 | AB13: b | AC13: 1 | AD13: 0.7356175 | AE13: None | AJ13: subject 2 | AK13: 1 | AL13: 2025-08-25_18h05.50.901 | AM13: Stroop experiment final | AO13: 2025.2.0 | AP13: 59.988758 | AQ13: 2025-08-25 18h05.50.982992 +0530
A14: BLUE | B14: blue | C14: C | D14: b | E14: 11 | F14: 3 | G14: 2 | H14: b | I14: 1 | J14: 0.5409287 | K14: None | L14: 2 | M14: 3 | N14: 11 | O14: 3 | P14: 13.579661 | V14: 13.568 | W14: 13.579661 | X14: 14.06286 | Y14: 14.06286 | Z14: 14.06286 | AA14: 14.613167 | AB14: b | AC14: 1 | AD14: 0.5409287 | AE14: None | AJ14: subject 2 | AK14: 1 | AL14: 2025-08-25_18h05.50.901 | AM14: Stroop experiment final | AO14: 2025.2.0 | AP14: 59.988758 | AQ14: 2025-08-25 18h05.50.982992 +0530
... A42: BLUE | B42: blue | C42: C | D42: b | E42: 39 | F42: 3 | G42: 9 | H42: b | I42: 1 | J42: 0.6577353 | K42: None | L42: 9 | M42: 3 | N42: 39 | O42: 3 | P42: 46.508919 | V42: 46.497472 | W42: 46.508919 | X42: 47.008665 | Y42: 47.008665 | Z42: 47.008665 | AA42: 47.675388 | AB42: b | AC42: 1 | AD42: 0.6577353 | AE42: None | AJ42: subject 2 | AK42: 1 | AL42: 2025-08-25_18h05.50.901 | AM42: Stroop experiment final | AO42: 2025.2.0 | AP42: 59.988758 | AQ42: 2025-08-25 18h05.50.982992 +0530
AF43: 47.675591 | AG43: 47.691506 | AH43: 48.690759 | AI43: 48.674581 | AJ43: subject 2 | AK43: 1 | AL43: 2025-08-25_18h05.50.901 | AM43: Stroop experiment final | AO43: 2025.2.0 | AP43: 59.988758 | AQ43: 2025-08-25 18h05.50.982992 +0530
A44: congruent avg | B44: =AVERAGEIF(C3:C42,"C",J3:J42) -> 0.59519233
A45: incongruent avg | B45: =AVERAGEIF(C3:C42,"I",J3:J42) -> 0.70014798
A46: difference | B46: =B45-B44 -> 0.10495565
A47: std congruent | B47: =_xlfn.STDEV.S([2]Sheet1!A3:A22) -> 0.22307026
A48: std incongruent | B48: =_xlfn.STDEV.S([2]Sheet1!B3:B22) -> 0.21394539
A51: Congruent | B51: Incongruent
A52: RT | B52: RT
A53: 0.9259967 | B53: 0.9325914
A54: 0.7771319 | B54: 0.7041916
A55: 0.4874582 | B55: 0.5078159
A56: 0.4061183 | B56: 0.4598564
A57: 0.4033137 | B57: 0.5004758
A58: 0.5409287 | B58: 0.7356175
A59: 0.4954712 | B59: 0.6187089
A60: 1.1467932 | B60: 0.9224232
A61: 0.4344671 | B61: 0.6516085
A62: 1.0391407 | B62: 0.6995495
A63: 0.6567926 | B63: 1.2415102
A64: 0.7260981 | B64: 0.6450885
... A72: 0.6577353 | B72: 0.5729524
A73: t-test
A74: =_xlfn.T.TEST(A53:A72,B53:B72, 2, 1) -> 0.061315034 | B74: P value

Sheet subject 3
A1: word | B1: colour | C1: stim_condition | D1: correct_res | E1: thisN | F1: thisTrialN | G1: thisRepN | H1: key_resp.keys | I1: key_resp.corr | J1: key_resp.rt | K1: key_resp.duration | L1: trials.thisRepN | M1: trials.thisTrialN | N1: trials.thisN | O1: trials.thisIndex | P1: thisRow.t | Q1: notes | R1: instruction.started | S1: text_2.started | T1: instruction.stopped | U1: trial.started | V1: fixation.started | W1: fixation.stopped | X1: text.started | Y1: key_resp.started | Z1: trial.stopped | AA1: trials.key_resp.keys | AB1: trials.key_resp.corr | AC1: trials.key_resp.rt | AD1: trials.key_resp.duration | AE1: thanks.started | AF1: text_3.started | AG1: text_3.stopped | AH1: thanks.stopped | AI1: participant | AJ1: session | AK1: date | AL1: expName | AM1: expVersion | AN1: psychopyVersion | AO1: frameRate | AP1: expStart
R2: 0.001745 | S2: 0.0039604 | T2: 1.0025467 | AI2: subject 3 | AJ2: 1 | AK2: 2025-08-25_17h41.47.102 | AL2: Stroop experiment final | AN2: 2025.2.0 | AO2: 59.891859 | AP2: 2025-08-25 17h41.47.215449 +0530
A3: RED | B3: red | C3: C | D3: r | E3: 0 | F3: 0 | G3: 0 | H3: r | I3: 1 | J3: 2.4481532 | K3: None | L3: 0 | M3: 0 | N3: 0 | O3: 0 | P3: 1.0307277 | U3: 1.0282562 | V3: 1.0307277 | W3: 1.501954 | X3: 1.501954 | Y3: 1.501954 | Z3: 3.9683828 | AA3: r | AB3: 1 | AC3: 2.4481532 | AD3: None | AI3: subject 3 | AJ3: 1 | AK3: 2025-08-25_17h41.47.102 | AL3: Stroop experiment final | AN3: 2025.2.0 | AO3: 59.891859 | AP3: 2025-08-25 17h41.47.215449 +0530
A4: RED | B4: blue | C4: I | D4: b | E4: 1 | F4: 1 | G4: 0 | H4: b | I4: 1 | J4: 1.5497393 | K4: None | L4: 0 | M4: 1 | N4: 1 | O4: 1 | P4: 3.9712413 | U4: 3.9691437 | V4: 3.9712413 | W4: 4.483343 | X4: 4.483343 | Y4: 4.483343 | Z4: 6.0498164 | AA4: b | AB4: 1 | AC4: 1.5497393 | AD4: None | AI4: subject 3 | AJ4: 1 | AK4: 2025-08-25_17h41.47.102 | AL4: Stroop experiment final | AN4: 2025.2.0 | AO4: 59.891859 | AP4: 2025-08-25 17h41.47.215449 +0530
A5: BLUE | B5: red | C5: I | D5: r | E5: 2 | F5: 2 | G5: 0 | H5: b | I5: 0 | J5: 1.0554889 | K5: None | L5: 0 | M5: 2 | N5: 2 | O5: 2 | P5: 6.0656294 | U5: 6.0600051 | V5: 6.0656294 | W5: 6.5652756 | X5: 6.5652756 | Y5: 6.5652756 | Z5: 7.6320043 | AA5: b | AB5: 0 | AC5: 1.0554889 | AD5: None | AI5: subject 3 | AJ5: 1 | AK5: 2025-08-25_17h41.47.102 | AL5: Stroop experiment final | AN5: 2025.2.0 | AO5: 59.891859 | AP5: 2025-08-25 17h41.47.215449 +0530
A6: BLUE | B6: blue | C6: C | D6: b | E6: 3 | F6: 3 | G6: 0 | H6: b | I6: 1 | J6: 1.4427976 | K6: None | L6: 0 | M6: 3 | N6: 3 | O6: 3 | P6: 7.6480068 | U6: 7.632945 | V6: 7.6480068 | W6: 8.1309853 | X6: 8.1309853 | Y6: 8.1309853 | Z6: 9.5806616 | AA6: b | AB6: 1 | AC6: 1.4427976 | AD6: None | AI6: subject 3 | AJ6: 1 | AK6: 2025-08-25_17h41.47.102 | AL6: Stroop experiment final | AN6: 2025.2.0 | AO6: 59.891859 | AP6: 2025-08-25 17h41.47.215449 +0530
A7: BLUE | B7: red | C7: I | D7: r | E7: 4 | F7: 0 | G7: 1 | H7: r | I7: 1 | J7: 0.9941471 | K7: None | L7: 1 | M7: 0 | N7: 4 | O7: 2 | P7: 9.5968473 | U7: 9.5816154 | V7: 9.5968473 | W7: 10.096105 | X7: 10.096105 | Y7: 10.096105 | Z7: 11.096542 | AA7: r | AB7: 1 | AC7: 0.9941471 | AD7: None | AI7: subject 3 | AJ7: 1 | AK7: 2025-08-25_17h41.47.102 | AL7: Stroop experiment final | AN7: 2025.2.0 | AO7: 59.891859 | AP7: 2025-08-25 17h41.47.215449 +0530
A8: RED | B8: red | C8: C | D8: r | E8: 5 | F8: 1 | G8: 1 | H8: r | I8: 1 | J8: 0.90329 | K8: None | L8: 1 | M8: 1 | N8: 5 | O8: 0 | P8: 11.112409 | U8: 11.100782 | V8: 11.112409 | W8: 11.61218 | X8: 11.61218 | Y8: 11.61218 | Z8: 12.528702 | AA8: r | AB8: 1 | AC8: 0.90329 | AD8: None | AI8: subject 3 | AJ8: 1 | AK8: 2025-08-25_17h41.47.102 | AL8: Stroop experiment final | AN8: 2025.2.0 | AO8: 59.891859 | AP8: 2025-08-25 17h41.47.215449 +0530
A9: RED | B9: blue | C9: I | D9: b | E9: 6 | F9: 2 | G9: 1 | H9: b | I9: 1 | J9: 0.8992904 | K9: None | L9: 1 | M9: 2 | N9: 6 | O9: 1 | P9: 12.54493 | U9: 12.529658 | V9: 12.54493 | W9: 13.044623 | X9: 13.044623 | Y9: 13.044623 | Z9: 13.944695 | AA9: b | AB9: 1 | AC9: 0.8992904 | AD9: None | AI9: subject 3 | AJ9: 1 | AK9: 2025-08-25_17h41.47.102 | AL9: Stroop experiment final | AN9: 2025.2.0 | AO9: 59.891859 | AP9: 2025-08-25 17h41.47.215449 +0530
A10: BLUE | B10: blue | C10: C | D10: b | E10: 7 | F10: 3 | G10: 1 | H10: b | I10: 1 | J10: 0.6663238 | K10: None | L10: 1 | M10: 3 | N10: 7 | O10: 3 | P10: 13.960624 | U10: 13.949302 | V10: 13.960624 | W10: 14.460164 | X10: 14.460164 | Y10: 14.460164 | Z10: 15.127512 | AA10: b | AB10: 1 | AC10: 0.6663238 | AD10: None | AI10: subject 3 | AJ10: 1 | AK10: 2025-08-25_17h41.47.102 | AL10: Stroop experiment final | AN10: 2025.2.0 | AO10: 59.891859 | AP10: 2025-08-25 17h41.47.215449 +0530
A11: BLUE | B11: red | C11: I | D11: r | E11: 8 | F11: 0 | G11: 2 | H11: r | I11: 1 | J11: 1.1408733 | K11: None | L11: 2 | M11: 0 | N11: 8 | O11: 2 | P11: 15.143264 | U11: 15.128394 | V11: 15.143264 | W11: 15.642903 | X11: 15.642903 | Y11: 15.642903 | Z11: 16.792814 | AA11: r | AB11: 1 | AC11: 1.1408733 | AD11: None | AI11: subject 3 | AJ11: 1 | AK11: 2025-08-25_17h41.47.102 | AL11: Stroop experiment final | AN11: 2025.2.0 | AO11: 59.891859 | AP11: 2025-08-25 17h41.47.215449 +0530
A12: RED | B12: red | C12: C | D12: r | E12: 9 | F12: 1 | G12: 2 | H12: r | I12: 1 | J12: 0.5232544 | K12: None | L12: 2 | M12: 1 | N12: 9 | O12: 0 | P12: 16.808802 | U12: 16.7967 | V12: 16.808802 | W12: 17.308557 | X12: 17.308557 | Y12: 17.308557 | Z12: 17.842232 | AA12: r | AB12: 1 | AC12: 0.5232544 | AD12: None | AI12: subject 3 | AJ12: 1 | AK12: 2025-08-25_17h41.47.102 | AL12: Stroop experiment final | AN12: 2025.2.0 | AO12: 59.891859 | AP12: 2025-08-25 17h41.47.215449 +0530
A13: RED | B13: blue | C13: I | D13: b | E13: 10 | F13: 2 | G13: 2 | H13: b | I13: 1 | J13: 1.0459967 | K13: None | L13: 2 | M13: 2 | N13: 10 | O13: 1 | P13: 17.858222 | U13: 17.843151 | V13: 17.858222 | W13: 18.357893 | X13: 18.357893 | Y13: 18.357893 | Z13: 19.407899 | AA13: b | AB13: 1 | AC13: 1.0459967 | AD13: None | AI13: subject 3 | AJ13: 1 | AK13: 2025-08-25_17h41.47.102 | AL13: Stroop experiment final | AN13: 2025.2.0 | AO13: 59.891859 | AP13: 2025-08-25 17h41.47.215449 +0530
A14: BLUE | B14: blue | C14: C | D14: b | E14: 11 | F14: 3 | G14: 2 | H14: b | I14: 1 | J14: 0.3858125 | K14: None | L14: 2 | M14: 3 | N14: 11 | O14: 3 | P14: 19.423842 | U14: 19.412252 | V14: 19.423842 | W14: 19.923501 | X14: 19.923501 | Y14: 19.923501 | Z14: 20.323661 | AA14: b | AB14: 1 | AC14: 0.3858125 | AD14: None | AI14: subject 3 | AJ14: 1 | AK14: 2025-08-25_17h41.47.102 | AL14: Stroop experiment final | AN14: 2025.2.0 | AO14: 59.891859 | AP14: 2025-08-25 17h41.47.215449 +0530
... A42: BLUE | B42: blue | C42: C | D42: b | E42: 39 | F42: 3 | G42: 9 | H42: b | I42: 1 | J42: 0.7688316 | K42: None | L42: 9 | M42: 3 | N42: 39 | O42: 3 | P42: 52.502705 | U42: 52.490914 | V42: 52.502705 | W42: 52.985954 | X42: 52.985954 | Y42: 52.985954 | Z42: 53.769506 | AA42: b | AB42: 1 | AC42: 0.7688316 | AD42: None | AI42: subject 3 | AJ42: 1 | AK42: 2025-08-25_17h41.47.102 | AL42: Stroop experiment final | AN42: 2025.2.0 | AO42: 59.891859 | AP42: 2025-08-25 17h41.47.215449 +0530
AE43: 53.76971 | AF43: 53.78541 | AG43: 54.784662 | AH43: 54.768499 | AI43: subject 3 | AJ43: 1 | AK43: 2025-08-25_17h41.47.102 | AL43: Stroop experiment final | AN43: 2025.2.0 | AO43: 59.891859 | AP43: 2025-08-25 17h41.47.215449 +0530
A45: congruent avg | B45: =AVERAGEIF(C3:C42,"C",J3:J42) -> 0.73695923
A46: incongruent avg | B46: =AVERAGEIF(C3:C42,"I",J3:J42) -> 0.86807672
A47: difference | B47: =B46-B45 -> 0.13111749
A49: std congruent | B49: =_xlfn.STDEV.S([3]Sheet1!A3:A22) -> 0.47325768
A50: std incongruent | B50: =_xlfn.STDEV.S([3]Sheet1!B3:B22) -> 0.28062401
A53: Congruent | B53: Incongruent
A54: RT | B54: RT
A55: 2.4481532 | B55: 1.5497393
A56: 1.4427976 | B56: 1.0554889
A57: 0.90329 | B57: 0.9941471
A58: 0.6663238 | B58: 0.8992904
A59: 0.5232544 | B59: 1.1408733
A60: 0.3858125 | B60: 1.0459967
A61: 0.5248347 | B61: 1.0134467
A62: 0.3539661 | B62: 0.8231895
A63: 0.5645958 | B63: 0.7923564
A64: 0.7669716 | B64: 0.9824128
A65: 0.4545175 | B65: 0.7519941
A66: 0.7562731 | B66: 0.7004817
... A74: 0.7688316 | B74: 0.8283967
A75: T-test
A76: =_xlfn.T.TEST(A55:A74,B55:B74, 2, 1) -> 0.14252155 | B76: P value

Sheet combines sheet
A1: Participants | B1: Congruent avg. | C1: congruent STD | D1: incongruent avg. | E1: incongruent std | F1: difference
A2: subject 1 | B2: =AVERAGEIF('subject 1'!C3:C42,"C",'subject 1'!J3:J42) -> 0.74675388 | C2: 0.22882333 | D2: 0.42246053 | E2: 0.42246053 | F2: 0.2373284
A3: subject 2 | B3: =AVERAGEIF('subject 2'!C3:C42,"C",'subject 2'!J3:J42) -> 0.59519233 | C3: 0.22307026 | D3: 0.70014798 | E3: 0.21394539 | F3: 0.10495565
A4: subject 3 | B4: =AVERAGEIF('subject 3'!C3:C42,"C",'subject 3'!J3:J42) -> 0.73695923 | C4: 0.47325768 | D4: 0.86807672 | E4: 0.28062401 | F4: 0.13111749
A6: Participants | B6: Congruent avg. | C6: incongruent avg. | D6: difference
A7: subject 1 | B7: =AVERAGEIF('subject 1'!C8:C47,"C",'subject 1'!J8:J47) -> 0.72072884 | C7: 0.42246053 | D7: 0.2373284
A8: subject 2 | B8: =AVERAGEIF('subject 2'!C8:C47,"C",'subject 2'!J8:J47) -> 0.56670656 | C8: 0.70014798 | D8: 0.10495565
A9: subject 3 | B9: =AVERAGEIF('subject 3'!C8:C47,"C",'subject 3'!J8:J47) -> 0.60267966 | C9: 0.86807672 | D9: 0.13111749
C10: Avg | D10: =AVERAGE(D7:D9) -> 0.15780051
C11: std | D11: =_xlfn.STDEV.S(D7:D9) -> 0.070104379
C13: t-test | D13: =D10 / (D11/SQRT(3)) -> 3.8987366
C14: DOF | D14: =3-1 -> 2
C15: 2 tailed pvalue | D15: =_xlfn.T.DIST.2T(ABS(D13),2) -> 0.059935149
